{
  "Use Non-ASCII Font" : false,
  "Tags" : [

  ],
  "Ansi 12 Color" : {
    "Red Component" : 0.79141318798065186,
    "Color Space" : "sRGB",
    "Blue Component" : 0.98201137781143188,
    "Alpha Component" : 1,
    "Green Component" : 0.66088336706161499
  },
  "Ansi 7 Color" : {
    "Red Component" : 0.7810397744178772,
    "Color Space" : "sRGB",
    "Blue Component" : 0.78104829788208008,
    "Alpha Component" : 1,
    "Green Component" : 0.78105825185775757
  },
  "Ansi 8 Color" : {
    "Red Component" : 0.40781760215759277,
    "Color Space" : "sRGB",
    "Blue Component" : 0.4078223705291748,
    "Alpha Component" : 1,
    "Green Component" : 0.40782788395881653
  },
  "Bold Color" : {
    "Red Component" : 0.9217638373374939,
    "Color Space" : "sRGB",
    "Blue Component" : 0.92177379131317139,
    "Alpha Component" : 1,
    "Green Component" : 0.92178541421890259
  },
  "Ansi 9 Color" : {
    "Red Component" : 1,
    "Color Space" : "sRGB",
    "Blue Component" : 0.40569943189620972,
    "Alpha Component" : 1,
    "Green Component" : 0.43035173416137695
  },
  "Ansi 6 Color" : {
    "Red Component" : 0.60349732637405396,
    "Color Space" : "sRGB",
    "Blue Component" : 0.99438935518264771,
    "Alpha Component" : 1,
    "Green Component" : 0.92829710245132446
  },
  "Ansi 5 Color" : {
    "Red Component" : 1,
    "Color Space" : "sRGB",
    "Blue Component" : 0.81760531663894653,
    "Alpha Component" : 1,
    "Green Component" : 0.57293039560317993
  },
  "Rows" : 25,
  "Default Bookmark" : "No",
  "Cursor Guide Color" : {
    "Red Component" : 0.70213186740875244,
    "Color Space" : "sRGB",
    "Blue Component" : 1,
    "Alpha Component" : 0.25,
    "Green Component" : 0.9268307089805603
  },
  "Non-ASCII Anti Aliased" : true,
  "Use Bright Bold" : true,
  "Ansi 10 Color" : {
    "Red Component" : 0.35246825218200684,
    "Color Space" : "sRGB",
    "Blue Component" : 0.55492770671844482,
    "Alpha Component" : 1,
    "Green Component" : 0.96675270795822144
  },
  "Ambiguous Double Width" : false,
  "Jobs to Ignore" : [
    "rlogin",
    "ssh",
    "slogin",
    "telnet"
  ],
  "Ansi 15 Color" : {
    "Red Component" : 0.99999600648880005,
    "Color Space" : "sRGB",
    "Blue Component" : 1,
    "Alpha Component" : 1,
    "Green Component" : 1
  },
  "Foreground Color" : {
    "Red Component" : 0.92010122537612915,
    "Color Space" : "sRGB",
    "Blue Component" : 0.92011111974716187,
    "Alpha Component" : 1,
    "Green Component" : 0.92012274265289307
  },
  "Working Directory" : "\/Users\/bekzod",
  "Blinking Cursor" : false,
  "Disable Window Resizing" : true,
  "Sync Title" : false,
  "Prompt Before Closing 2" : false,
  "BM Growl" : true,
  "Command" : "",
  "Description" : "Default",
  "Mouse Reporting" : true,
  "Screen" : -1,
  "Selection Color" : {
    "Red Component" : 0.3362850546836853,
    "Color Space" : "sRGB",
    "Blue Component" : 0.42833542823791504,
    "Alpha Component" : 1,
    "Green Component" : 0.35205566883087158
  },
  "Columns" : 80,
  "Idle Code" : 0,
  "Ansi 13 Color" : {
    "Red Component" : 1,
    "Color Space" : "sRGB",
    "Blue Component" : 0.81760531663894653,
    "Alpha Component" : 1,
    "Green Component" : 0.57293039560317993
  },
  "Custom Command" : "No",
  "ASCII Anti Aliased" : true,
  "Non Ascii Font" : "Monaco 12",
  "Vertical Spacing" : 1,
  "Use Bold Font" : true,
  "Option Key Sends" : 0,
  "Selected Text Color" : {
    "Red Component" : 0.99999600648880005,
    "Color Space" : "sRGB",
    "Blue Component" : 1,
    "Alpha Component" : 1,
    "Green Component" : 1
  },
  "Background Color" : {
    "Red Component" : 0.15686270594596863,
    "Color Space" : "sRGB",
    "Blue Component" : 0.21176472306251526,
    "Alpha Component" : 1,
    "Green Component" : 0.16470587253570557
  },
  "Character Encoding" : 4,
  "Ansi 11 Color" : {
    "Red Component" : 0.95514363050460815,
    "Color Space" : "sRGB",
    "Blue Component" : 0.61633026599884033,
    "Alpha Component" : 1,
    "Green Component" : 0.9747205376625061
  },
  "Thin Strokes" : 4,
  "Use Italic Font" : true,
  "Unlimited Scrollback" : false,
  "Keyboard Map" : {

  },
  "Window Type" : 0,
  "Cursor Type" : 1,
  "Background Image Location" : "",
  "Blur" : false,
  "Badge Color" : {
    "Red Component" : 1,
    "Color Space" : "sRGB",
    "Blue Component" : 0,
    "Alpha Component" : 0.5,
    "Green Component" : 0.1491314172744751
  },
  "Scrollback Lines" : 1000,
  "Send Code When Idle" : false,
  "Close Sessions On End" : true,
  "Terminal Type" : "xterm-256color",
  "Visual Bell" : true,
  "Flashing Bell" : false,
  "Silence Bell" : false,
  "Ansi 14 Color" : {
    "Red Component" : 0.60349732637405396,
    "Color Space" : "sRGB",
    "Blue Component" : 0.99438935518264771,
    "Alpha Component" : 1,
    "Green Component" : 0.92829710245132446
  },
  "ASCII Ligatures" : false,
  "Name" : "Default",
  "Cursor Text Color" : {
    "Red Component" : 0.99999600648880005,
    "Color Space" : "sRGB",
    "Blue Component" : 1,
    "Alpha Component" : 1,
    "Green Component" : 1
  },
  "Shortcut" : "",
  "Cursor Color" : {
    "Red Component" : 0.7810397744178772,
    "Color Space" : "sRGB",
    "Blue Component" : 0.78104829788208008,
    "Alpha Component" : 1,
    "Green Component" : 0.78105825185775757
  },
  "Transparency" : 0,
  "Ansi 1 Color" : {
    "Red Component" : 1,
    "Color Space" : "sRGB",
    "Blue Component" : 0.40569943189620972,
    "Alpha Component" : 1,
    "Green Component" : 0.43035173416137695
  },
  "Horizontal Spacing" : 1,
  "Custom Directory" : "No",
  "Ansi 4 Color" : {
    "Red Component" : 0.79141318798065186,
    "Color Space" : "sRGB",
    "Blue Component" : 0.98201137781143188,
    "Alpha Component" : 1,
    "Green Component" : 0.66088336706161499
  },
  "Ansi 0 Color" : {
    "Red Component" : 0,
    "Color Space" : "sRGB",
    "Blue Component" : 0,
    "Alpha Component" : 1,
    "Green Component" : 0
  },
  "Guid" : "74B0F438-E2F7-4E23-8A47-A37C29C06638",
  "Ansi 2 Color" : {
    "Red Component" : 0.35246825218200684,
    "Color Space" : "sRGB",
    "Blue Component" : 0.55492770671844482,
    "Alpha Component" : 1,
    "Green Component" : 0.96675270795822144
  },
  "Normal Font" : "JetBrainsMonoNFM-Regular 12",
  "Ansi 3 Color" : {
    "Red Component" : 0.95514363050460815,
    "Color Space" : "sRGB",
    "Blue Component" : 0.61633026599884033,
    "Alpha Component" : 1,
    "Green Component" : 0.9747205376625061
  },
  "Link Color" : {
    "Red Component" : 0,
    "Color Space" : "sRGB",
    "Blue Component" : 0.73423302173614502,
    "Alpha Component" : 1,
    "Green Component" : 0.35916060209274292
  },
  "Right Option Key Sends" : 0
}